verb;usage;transFr;transEn;yellow
казаться\slash по-;;paraître;seem;0
оказываться\slash оказаться;;s’avérer;turn out (to be);0
оказывать\slash оказать;;montrer, apporter une aide;show, display;0
доказывать\slash доказать;;prouver;prove;0
приказывать\slash приказать;;ordonner;order (to);0
наказывать\slash наказать;;punir;punish;0
существовать\slash про-;;exister / subsister;exist;1
пытаться\slash по-;;tenter;try;0
позволять\slash позволить;;permettre;allow (to);0
требовать\slash по-;;exiger;demand (of, from);0
собираться\slash собраться;;se rassembler;gather;0
разбираться\slash разобраться;;comprendre, résoudre;sort out;0
набирать\slash набрать;;saisir, recruter;gather;0
подбирать\slash подобрать;;choisir, ramasser;pick up, select;0
разбирать\slash разобрать;;démonter, démêler;strip (object, idea);0
выбираться\slash выбраться;;se / s’en sortir;get out;0
отбирать\slash отобрать;;enlever;take away / off / from;0
забираться\slash забраться;;grimper, pénétrer;climb up, crawl;0
приходиться\slash прийтись;;convenir;suit;1
исходить\slash изойти;;venir de;come from;1
находиться\slash найтись;;se trouver;be found;0
обходиться\slash обойтись;;coûter, traiter qqun d’une façon;cost, get by with;0
касаться\slash коснуться;;toucher, concerner;touch, refer to;0
действовать\slash по-;;agir;act;1
воздействовать;;influencer;influence;1
содействовать\slash по-;;encourager;encourage;1
состоять;;consister (en);consist (in);1
предстоять;;rester à venir;lie ahead;1
настаивать\slash настоять;;insister sur;insist;1
возникать\slash возникнуть;;surgir;arise;1
появляться\slash появиться;;apparaître;appear;0
проявлять\slash проявить;;faire preuve de, révéler;display, reveal;0
заявлять\slash заявить;;déclarer;declare;0
обладать;;posséder;possess;1
наблюдать\slash по-;;observer, surveiller;watch, observe;0
наблюдаться\slash по-;;être observé;be observed;0
судить;;juger;try;0
рассуждать\slash рассудить;;raisonner;argue;1
осуждать\slash осудить;;désapprouver;condemn;0
занимать\slash занять;;emprunter;borrow;0
обнимать\slash обнять;;étreindre;embrace, hug;0
нанимать\slash нанять;;louer;hire;0
вонять\slash за-;;puer;stink (of);1
стремиться\slash у-;;aspirer à;speed;0
поддерживать\slash поддержать;;soutenir;support;0
содержать;;contenir, maintenir;contain, maintain;0
придерживаться\slash придержаться;;se tenir à;hold (to);0
удерживать\slash удержать;;garder, retenir qqch ou qqun;retain;0
сдерживать\slash сдержать;;contenir, réprimer;hold in;0
выдерживать\slash выдержать;;résister aux difficultés;stand against difficulties;0
задерживать\slash задержать;;détenir, retarder;detain;0
воздерживаться\slash воздержаться;;s'abstenir de;refrain (from);0
рассматривать\slash рассмотреть;;envisager;examine;0
осматривать\slash осмотреть;;visiter;view;0
выполнять\slash выполнить;;exécuter;carry out;0
исполнять\slash исполнить;;accomplir (devoir), réaliser (souhait);carry out, fulfill;0
наполнять\slash наполнить;;remplir;fill;0
дополнять\slash дополнить;;compléter;supplement (with);0
использоваться;;être utilisé;be used;0
пользоваться\slash вос-;;profiter de;avail oneself (of);0
соответствовать;;être conforme à;conform (to);1
определять\slash определить;;définir;determine;0
распределять\slash распределить;;distribuer;distribute (to, among);0
говорить\slash по-;;parler;talk (about);1
проговаривать\slash проговорить;;prononcer;say;0
приговаривать\slash приговорить;;condamner (à);repeat;0
предполагать\slash предположить;;supposer;assume;0
располагаться\slash расположиться;;s'installer;settle (oneself);0
предполагаться\slash предположиться;;être prévu, destiné;be intended, presumed;0
опубликовывать\slash опубликовать;;publier, promulguer;publish, make public;0
публиковать\slash о-;;publier;publish;0
заключаться\slash заключиться;;consister en;conclude (with, in);0
заключать\slash заключить;;conclure, enfermer;conclude, close;0
включаться\slash включиться;;se joindre à;join (in);0
подключать\slash подключить;;brancher;link up;0
следить\slash *;;suivre (surveiller);follow (watch);1
отслеживать\slash отследить;;suivre, tracer;backtrace;0
обеспечивать\slash обеспечить;;fournir, pourvoir;secure, provide;0
заставлять\slash заставить;;contraindre;compel;0
поставлять\slash поставить;;fournir;supply;0
вставлять\slash вставить;;insérer;set in(to);0
доставаться\slash достаться;;recevoir;fall to one's share;0
расставаться\slash расстаться;;se séparer;part with;0
заставать\slash застать;;trouver, surprendre;find, catch, meet;0
учитывать\slash учесть;;tenir compte de;take into account / consideration;0
считать\slash счесть;;compter;count;1
рассчитываться\slash рассчитаться;;régler ses comptes;settle accounts;0
меняться\slash по-;;changer;change;0
изменять\slash изменить;;modifier;modify;1
обмениваться\slash обменяться;;s’échanger;take smth. by mistake;0
проводиться\slash провестись;;s’être passé;happen, have the occasion;0
вести\slash по-;;mener;move;0
сопровождать\slash сопроводить;;accompagner;accompany;0
подводить\slash подвести;;amener;lead (to);0
заводить\slash завести;;conduire, démarrer;lead, start/bring up;0
доводить\slash довести;;amener à;to take (to);0
делаться\slash с-;;devenir;become;0
проделывать\slash проделать;;pratiquer;break through;0
переделывать\slash переделать;;refaire;make over;0
делиться\slash по-;;partager, se diviser;share, be divided;0
разделять\slash разделить;;fractionner;divide (into);0
выделяться\slash выделиться;;se démarquer;stand out (for);0
отделять\slash отделить;;dissocier;separate;0
разделяться\slash разделиться;;se séparer;be shared;0
попадать\slash попасть;;tomber, atteindre;fall into, it upon;1
нападать\slash напасть;;attaquer, surmonter;attack, to overcome;1
впадать\slash впасть;;tomber, sombrer;fall, lapse;1
совпадать\slash совпасть;;coïncider;coincide (with);1
нуждаться;в;avoir besoin de;be in need of;0
вынуждать\slash вынудить;;(ordres) forcer à faire;force;0
принуждать\slash принудить;;(situation) forcer de faire;force;0
удаваться\slash удаться;;réussir;turn out well;0
сдавать\slash сдать;;livrer;deliver;0
продаваться\slash продаться;;se vendre;be on / for sale;0
издавать\slash издать;;publier;publish;0
обожать;;adorer;adore;0
сжимать\slash сжать;;serrer;gripe;0
прижимать\slash прижать;;presser contre, coincer qqun;press (to / on);0
прижиматься\slash прижаться;;s’appuyer contre;press oneself (to);0
зажимать\slash зажать;;serrer, pincer;press;0
предавать\slash предать;;livrer à, trahir;hand over, betray;0
видеться\slash у-;;se voir;увидеться;0
обижать\slash обидеть;;vexer;offend (smb.);0
предвидеть;;prévoir;foresee;0
достигать\slash достигнуть;;atteindre;reach;0
защищать\slash защитить;;défendre;defend (from, against);0
воспринимать\slash воспринять;;percevoir;perceive;0
восприняться\slash восприниматься;;s’apercevoir;perceive;0
предпринимать\slash предпринять;;entreprendre;undertake;0
предпочитать\slash предпочесть;;préférer;prefer;0
совершать\slash совершить;;accomplir;accomplish;0
совершаться\slash совершиться;;avoir lieu;happen;0
завершать\slash завершить;;achever;finish;0
ощущать\slash ощутить;;éprouver;feel;0
владеть\slash за-;;posséder;own;1
спорить\slash по-;;débattre, parier;argue, bet on;0
осуществлять\slash осуществить;;réaliser;realize;0
влиять\slash по-;;influencer;influence;1
рекомендовать\slash по-;;recommander;recommend;0
признавать\slash признать;;reconnaître;recognize;0
признаваться\slash признаться;;avouer;confess (to);0
переживать\slash пережить;;survivre à une période difficile;outlive;0
выживать\slash выжить;;survivre à un danger direct;survive;1
понадобиться;;avoir besoin de;need;0
добиваться\slash добиться;;(chercher à) obtenir;(try to) achieve;0
сбивать\slash сбить;;abattre, battre en neige;bring/knock down, whip (eggs,cream);0
забивать\slash забить;;enfoncer;drive in;0
перебивать\slash перебить;;tuer;re-upholster;0
избивать\slash избить;;rouer de coups;beat unmercifully;0
дрожать\slash дрогнуть;;trembler;tremble;1
вздрагивать\slash вздрогнуть;;frémir;tremble;1
превращаться\slash превратиться;;se transformer;turn (into);0
превращать\slash превратить;;transformer;change (into);0
вращаться\slash вращать;;se tourner;turn, roll;0
оценивать\slash оценить;;évaluer;fix the price (of);0
ценить\slash о-;;apprécier;value;0
недооценивать\slash недооценить;;sous-estimer;underestimate;0
развивать\slash развить;;développer;develop;0
исчезать\slash исчезнуть;;disparaître;disappear;1
сажать\slash посадить;;planter;seat;0
подозревать\slash заподозрить;;soupçonner (de);suspect (of);0
ловить\slash поймать;;attraper, capturer;(try to) catch;0
привлекать\slash привлечь;;attirer;attract;0
отвлекать\slash отвлечь;;détourner;divert, distract;0
извлекать\slash извлечь;;extraire de, tirer;extract, retrieve;0
увлекать\slash увлечь;;captiver;captivate;0
развлекать\slash развлечь;;distraire;entertain;0
приобретать\slash приобрести;;acquérir;acquire;0
окружать\slash окружить;;entourer;surround;0
отражать\slash отразить;;exprimer, refléter;repel, reflect;0
выражаться\slash выразиться;;s'exprimer;appear;0
отражаться\slash отразиться;;avoir des effets;have impacts on;0
подражать;;imiter;imitate;1
заражать\slash заразить;;communiquer à;infect;0
лезть\slash по-;;grimper, s’introduire, chercher dans;climb (up, on to);1
влезать\slash влезть;;grimper, rentrer dans;climb in(to);1
доверять\slash доверить;;confier;entrust (to);0
заверять\slash заверить;;assurer, certifier;assure, certify;0
заваривать\slash заварить;;infuser;boil, make trouble;0
вступать\slash вступить;;entrer;enter;1
уступать\slash уступить;;céder;let (smb.) have (smth.);0
приступать\slash приступить;;se mettre à;set about;1
решаться\slash решиться;;être décidé;make up one's mind (to);0
создаваться\slash создаться;;se former;be created;0
превышать\slash превысить;;surpasser en;exceed;0
подтверждать\slash подтвердить;;affirmer;confirm;0
отправляться\slash отправиться;;aller à, partir pour;go (to a place), set off;0
направлять\slash направить;;diriger;direct (at, to);0
направляться\slash направиться;;se diriger;make;0
справляться\slash справиться;;venir à bout de;inquire (after, about);0
цитировать\slash про-;;citer;quote;0
допускать\slash допустить;;admettre;admit (to);0
пускать\slash пустить;;laisser faire;let go, allow;0
отпускать\slash отпустить;;relâcher;let go;0
пропускать\slash пропустить;;laisser passer;let pass / in / through;1
опускаться\slash опуститься;;tomber;sink;0
опускать\slash опустить;;baisser;lower;0
запускать\slash запустить;;lancer;launch;0
реагировать\slash от-;;réagir;react (to, upon);1
заботиться\slash по-;;prendre soin de;take care (of);0
молиться\slash по-;;prier;pray (to smb., for smth.);0
умолять\slash умолить;;supplier;entreat;0
молоть\slash с-;;moudre, dire des bêtises;grind, talk nonsense;0
пугать\slash *;;faire peur;frighten;0
преследовать;;poursuivre;pursue;0
исследовать;;étudier en détails;study in details;0
расследовать;;examiner;investigate;0
наследовать;;hériter de;inherit;0
посещать\slash посетить;;visiter;visit;0
орать\slash за-;;hurler;yell, scream;0
врать\slash со-;;mentir;lie;0
демонстрировать;;manifester;demonstrate;0
продемонстрировать\slash продемнстрировать;;faire preuve de, démontrer;display, demonstrate;0
грозить\slash по-;;menacer;threaten, scold;0
тянуться\slash по-;;s’étirer;to reach;0
протягивать\slash протянуть;;tendre, prolonger;stretch, extend;0
натягивать\slash натянуть;;tirer, enfiler;stretch, pull on;0
руководить;;diriger;lead;0
связывать\slash связать;;lier;tie together;0
привязывать\slash привязать;;attacher à;tie (to);0
вязать\slash с-;;lier, tricoter;bind, knit;0
комментировать\slash про-;;commenter;comment (on, upon);0
рисковать\slash рискнуть;;risquer;run risks;1
страдать\slash по-;;souffrir;suffer (for a little);1
гарантировать;;garantir;guarantee;0
изображать\slash изобразить;;dépeindre, décrire;depict, picture;0
производиться\slash произвестися;;se faire;be made;0
воспроизводить\slash воспроизвести;;répéter, rejouer;reproduce, replay;0
покидать\slash покинуть;;quitter, abandonner;leave, abandon;0
кидаться\slash кинуться;;se jeter;throw / fling oneself;0
избегать\slash избежать;;éviter;avoid;0
сбегать\slash сбежать;;descendre en courant, s’échapper;run down / away;1
пробегать\slash пробежать;;parcourir;run about (for a certain time);1
угрожать;;menacer;threaten (with);0
вынашивать\slash выносить;;porter, endurer;carry, endure;0
наносить\slash нанести;;déposer, causer;pile up, cause;0
относиться\slash отнестись;;se comporter;treat, concern;0
сносить\slash снести;;user;fetch down;0
доносить\slash донести;;apporter;bring to;0
изнашиваться\slash износиться;;être usé;wear out;0
печатать\slash на-;;imprimer;print;0
распространяться\slash распространиться;;se répandre;spread;0
распространять\slash распространить;;diffuser;spread;0
размышлять\slash размыслить;;réfléchir, méditer;think over, ponder;1
мыслить;;raisonner;think (of, about);0
заслуживать\slash заслужить;;mériter;deserve, merit;0
обслуживать\slash обслужить;;entretenir, desservir (réseaux);serve;0
атаковать;;attaquer;attack;0
бросаться\slash броситься;;se précipiter;dash;0
отре́зать\slash отреза́ть;;sectionner qqch;cut off, snip off;0
наре́зать\slash нареза́ть;;découper;cut (into pieces);0
подлежать;;faire l’objet de;be liable (to);1
наслаждаться\slash насладиться;;savourer;enjoy;0
формироваться\slash с-;;se former;shape;0
формировать\slash с-;;former;form;0
беседовать\slash по-;;causer;converse (with);1
повторяться\slash повториться;;se répéter;repeat (oneself);0
отрицать;;nier;deny;0
прятаться\slash с-;;se cacher;hide;0
объясняться\slash объясниться;;s'expliquer;explain oneself;0
выяснять\slash выяснить;;éclaircir;clear up;0
пояснять\slash пояснить;;expliquer;explain;0
догадываться\slash догадаться;;deviner;guess;0
обвинять\slash обвинить;;accuser (de);accuse (of);0
командовать;;commander;command;0
жалеть\slash по-;;plaindre;pity;1
сожалеть;;regretter;pity (smb.);1
удалять\slash удалить;;retirer;move off;0
жалить\slash у-;;piquer;sting;0
ранить\slash по-;;blesser;wound;0
предлагаться\slash предложиться;;être proposé;be proposed;0
вкладывать\slash вложить;;mettre, contribuer;put in, contribute;0
излагать\slash изложить;;exposer;state;0
откладывать\slash отложить;;mettre de côté;put / set aside;0
прилагать\slash приложить;;appliquer;apply (to);0
укладывать\slash уложить;;coucher;lay;0
накладывать\slash наложить;;appliquer qqch, infliger (sanctions);lay (on);0
закладывать\slash заложить;;mettre (dans / de côté), trahir;put (in / away), betray;0
сохраняться\slash сохраниться;;se conserver;remain;0
предохраняться\slash предохраниться;;se protéger;protect oneself;0
возглавлять\slash возглавить;;être à la tête;be at the head;0
возрастать\slash возрасти;;augmenter;grow;1
нарастать\slash нарасти;;accroître;grow (on);1
планироваться\slash спланировать;;être planifié;to be planned;0
раздражать\slash раздражить;;irriter;irritate;0
сниться\slash при-;;rêver;dream;0
мучить\slash за-;;tourmenter;torment;0
мучиться\slash по-;;souffrir;agonize, suffer;0
радоваться\slash об-;;se réjouir;rejoice;0
радовать\slash об-;;réjouir;gladden;0
объединять\slash объединить;;unifier;unite;0
присоединяться\slash присоединиться;;se joindre à;join;0
разъединять\slash разъединить;;séparer, déconnecter;separate, disconnect;0
подвергаться\slash подвергнуться;;subir;undergo;0
подвергать\slash подвергнуть;;faire subir à;subject (to);0
охватывать\slash охватить;;englober;include, cover;0
захватывать\slash захватить;;capturer;capture;0
претендовать;;prétendre à;(lay) claim (to);1
покончить;;mettre fin à;put and end to;0
оканчивать\slash окончить;;finir;finish;0
крутить\slash по-;;tordre, tortiller;turn, twist;0
крутиться\slash по-;;tourner, pivoter;turn, spin;0
выкручивать\slash выкрутить;;tordre, dévisser;twist;0
прислушиваться\slash прислушаться;;tenir compte;heed;0
слушаться\slash по-;;obéir à;obey;0
выслушивать\slash выслушать;;écouter;listen (to);0
предусматривать\slash предусмотреть;;envisager;envisage;0
заглядывать\slash заглянуть;;regarder quelque part;glance (at);1
взглядывать\slash взглянуть;;regarder qqch, qqun;look (at);1
стесняться\slash по-;;être embarassé;feel embarrased;0
сверкать\slash сверкнуть;;étinceler;sparkle;1
зафиксировать;;fixer;fix;0
чувствоваться\slash по-;;ressentir;be felt;0
предчувствовать;;pressentir;have a presentiment/ foreboding (of / about);0
уничтожать\slash уничтожить;;faire l’objet de;annihilate;0
ознакомляться\slash ознакомиться;;prendre connaissance;get to know;0
знакомить\slash по-;;présenter à;introduce (to);0
рваться\slash по-;;se déchirer, avoir hâte de;break, strive for;0
рвать\slash по-;;déchirer;tear;0
разрывать\slash разорвать;;mettre en pièces;rend;0
врываться\slash ворваться;;faire irruption;rush in;0
разрывать\slash разрыть;;creuser, déterrer;dig (up);0
годиться\slash при-;;convenir;be fit (for);0
обучать\slash обучить;;former qqun à;teach (smb. smth.);0
убеждать\slash убедить;;convaincre de;convince (of);0
дожидаться\slash дождаться;;attendre;wait (for, till);0
шептать\slash про-;;chuchoter;whisper;0
разрабатывать\slash разработать;;exploiter (agri., mines), élaborer;exploit (land, mines), elaborate;0
сопротивляться;;résister;resist;0
обозначать\slash обозначить;;marquer;denote;0
болтать\slash вз-;;agiter;shake up;0
регулировать\slash *;;réguler;regulate;0
раскрывать\slash раскрыть;;révéler, résoudre;solve, reveal;0
накрывать\slash накрыть;;(re)couvrir;cover (with);0
укрывать\slash укрыть;;(re)couvrir, cacher;cover;0
ограничивать\slash ограничить;;restreindre;confine;0
колебаться\slash по-;;hésiter;hesitate;0
сгорать\slash сгореть;;être brûlé;burn down / out;1
качать\slash качнуть;;balancer;rock;0
раскачиваться\slash раскачаться;;se balancer;swing (back and forth);0
катать\slash по-;;rouler, faire tourner;ride, roll;0
освещать\slash осветить;;éclairer, souligner;light (up);0
удовлетворять\slash удовлетворить;;satisfaire;satisfy;0
писаться\slash на-;;s'écrire;be written, be spelled;0
подписываться\slash подписаться;;signer;sign;0
списывать\slash списать;;plagier, radier, annuler (dettes);plagiarize, write off;0
стимулировать;;stimuler;stimulate;0
превосходить\slash превзойти;;surpasser;excel (in);0
беречь\slash по-;что;garder, conserver;guard, keep;0
игнорировать;;ignorer;ignore;0
снижать\slash снизить;;réduire;lower;0
бормотать\slash про-;;marmonner;mutter;0
функционировать;;fonctionner;function;1
вмешиваться\slash вмешаться;;se mêler de;interfere (in);0
ползти\slash по-;;ramper;crawl / creep along;1
разрушать\slash разрушить;;détruire;destroy;0
сотрудничать;;collaborer;collaborate (with);1
дуть\slash по-;;souffler;подуть;0
путать\slash *;;embrouiller;mix things up;0
кушать\slash по-;;manger;eat;0
кусать\slash по-;;mordre;bite;0
ликвидировать;;liquider;liquidate;0
вздыхать\slash вздохнуть;;respirer;sigh;1
задыхаться\slash задохнуться;;étouffer;gasp (for breath);0
критиковать;;critiquer;criticize;0
анализировать\slash про-;;analyser;analyse;0
оборачиваться\slash обернуться;;se retourner;turn (round);0
внушать\slash внушить;;inspirer;suggest;0
оправдывать\slash оправдать;;justifier;justify;0
восстанавливать\slash восстановить;;rétablir;restore;0
восхищаться\slash восхититься;;admirer;be delighted (with);0
скользить\slash скользнуть;;glisser;slide;1
воображать\slash вообразить;;imaginer;imagine;0
намереваться\slash намериться;;avoir l'intention de;intend;0
продвигаться\slash продвинуться;;progresser;move forward / ahead;0
передвигаться\slash передвинуться;;se déplacer;move;0
нервничать;;être nerveux;be / feel nervous;1
хлопать\slash по-;;claquer;flap;0
вытаскивать\slash вытащить;;retirer;take out;0
преодолевать\slash преодолеть;;surmonter;overcome;0
сообщаться\slash сообщиться;;être communiqué;be communicated;0
хохотать\slash хохотнуть;;rire (aux éclats);laugh loudly;1
организовывать\slash организовать;;organiser;organize;0
конкурировать;;concourir;compete (with, in);1
добывать\slash добыть;;se procurer;(manage to) get;0
смущать\slash смутить;;troubler;embarrass;0
трястись\slash по-;;trembler;shake;0
трясти\slash по-;;secouer;shake;0
возбуждать\slash возбудить;;exciter;excite;0
катиться\slash по-;;rouler;roll, stream;0
катить\slash по-;;faire rouler;roll, push;0
теряться\slash рас-;;être dépassé;be / get lost;0
сочинять\slash сочинить;;composer;compose;0
причинять\slash причинить;;causer, infliger;cause;0
лечиться\slash по-;;guérir, se soigner;receive / undergo (medical) treatment (for);0
рыдать;;sangloter;sob;1
компенсировать;;compenser;compensate;0
цвести;;fleurir;flower;1
охотиться\slash по-;;chasser;hunt;0
взволновать\slash волновать;;inquiéter;agitate;0
освобождать\slash освободить;;libérer;set free;0
гудеть\slash про-;;bourdonner;buzz;1
базироваться\slash базировать;;se fonder sur;rest (on, upon);0
лгать\slash со-;;mentir;lie;1
расширять\slash расширить;;élargir;widen;0
гибнуть\slash по-;;mourir;die;1
погибать\slash погибнуть;;avoir été tué;be killed;1
таять\slash рас-;;fondre;melt;1
рассы́паться\slash рассыпа́ться;;se répandre (poudre, idées);crumble, spill;0
сы́пать\slash по-;;verser (poudre);sprinkle;1
усыпа́ть\slash усы́пать;;parsemer;bestrew;0
рубить\slash по-;;couper, tailler;chop;0
тонуть\slash у-;;se noyer;sink;1
адресовать;;adresser;address;0
жрать\slash со-;;dévorer;devour;0
литься\slash по-;;couler, fuiter;flow;0
заливать\slash залить;;remplir de liquide;flood;0
поливать\slash полить;;arroser;pour (on, upon);0
разливаться\slash разлиться;;se répandre;flood;0
пылиться\slash за-;;prendre la poussière;be(come) / get dusty;0
поглощать\slash поглотить;;avaler, absorber;swallow up, absorb;0
пересекать\slash пересечь;;croiser;intersect;0
расспрашивать\slash расспросить;;poser des questions;ask questions;0
допрашивать\slash допросить;;interroger;interrogate;0
опрашивать\slash опросить;;sonder;interrogate;0
сочетаться;;s'unir;combine;0
отзываться\slash отозваться;;répondre à, parler;respond (to), speak of;0
вытирать\slash вытереть;;essuyer;wipe;0
тереть\slash по-;;frotter;rub;0
разворачиваться\slash развернуться;;se dérouler, faire demi-tour;turn around, unfold;0
сворачивать\slash *;;tourner, (en)rouler;roll, turn;1
переворачивать\slash перевернуть;;retourner, renverser;turn, turn over;0
подворачивать\slash подвернуть;;visser;screw a little;0
казнить;;mettre à mort;put to death;0
взаимодействовать\slash про-;;coopérer;interact;1
устраиваться\slash устроиться;;s'installer;settle down;0
настраивать\slash настроить;;régler, configurer;tune (up, in);0
выстраивать\slash выстроить;;bâtir;draw up;0
расстраивать\slash расстроить;;déranger;disorder;0
встраивать\slash встроить;;encastrer;build in;0
осваивать\slash освоить;;assimiler;master;0
присваивать\slash присвоить;;attribuer;appropriate;0
усваивать\slash усвоить;;assimiler des idées;assimilate ideas;0
помещать\slash поместить;;placer (qqun, qqch);place;0
размещать\slash разместить;;installer, déployer;install, deploy;0
перемещать\slash переместить;;changer de place;move;0
вмещать\slash вместить;;contenir / faire entrer;hold / put in;0
совмещать\slash совместить;;combiner;combine;0
укреплять\slash укрепить;;affermir;strengthen;0
закреплять\slash закрепить;;consolider, fixer;consolidate, fix ;0
доминировать;;prédominer;(pre)dominate;1
оскорблять\slash оскорбить;;offenser;offend;0
стартовать;;prendre le départ;start;1
финансировать;;financer;finance;0
стонать\slash про-;;gémir;groan;1
перечислять\slash перечислить;;énumérer;enumerate;0
вычислять\slash вычислить;;calculer;calculate;0
зачислять\slash зачислить;;s’inscrire;enlist;0
протестовать\slash за-;;protester;protest (against / at);1
блокировать;;bloquer;blockade;0
потреблять\slash потребить;;consommer;consume;0
заведовать;;administrer;be in charge;1
оперировать;;opérer;operate (on);0
сосать\slash по-;;sucer;suck;0
иллюстрировать\slash про-;;illustrer;illustrate;0
вспыхивать\slash вспыхнуть;;jaillir;blaze up;1
специализироваться;;se spécialiser;specialize (in);0
информировать\slash про-;;informer;inform;0
пролетать\slash пролететь;;survoler;fly (past, by);1
грабить\slash о-;;piller;rob;0
ссориться\slash по-;;se quereller;quarrel;0
разыскивать\slash разыскать;;rechercher / retrouver;look for/find;0
уточнять\slash уточнить;;préciser;specify;0
хоронить\slash по-;;enterrer;bury;0
утешать\slash утешить;;consoler;comfort;0
передумывать\slash передумать;;changer d'avis;change one's mind;0
обдумывать\slash обдумать;;bien réfléchir;consider, think over;0
задумывать\slash задумать;;concevoir;conceive;0
продумывать\slash продумать;;considérer une idée;think through;0
глотать\slash глотнуть;;avaler;swallow;0
краснеть\slash по-;;rougir;edden;0
одобрять\slash одобрить;;approuver;approve (of);0
выращивать\slash вырастить;;élever;grow;0
душить\slash за-;;étouffer;smother;0
притворяться\slash притвориться;;faire semblant;feign;0
растворять\slash растворить;;dissoudre;dissolve;0
опережать\slash опередить;;devancer;pass ahead (of);0
красить\slash вы-;;peindre;colo(u)r;0
краситься\slash вы-;;se maquiller;put on make up;0
парализовать;;paralyser;paralyze;0
редактировать\slash от-;;éditer (rédiger);edit;0
провоцировать\slash с-;;provoquer;provoke (to);0
оккупировать;;occuper;occupy;0
прогнозировать;;pronostiquer;forecast;0
копировать\slash с-;;copier;copy;0
вручать\slash вручить;;remettre;hand over (to);0
поручать\slash поручить;;confier;commission (with);0
застреливать\slash застрелить;;abattre;gun down;0
шокировать;;choquer;horrify;0
сжигать\slash сжечь;;brûler;burn (down / out);0
вскакивать\slash вскочить;;sauter sur;jump (on, into);1
стареть\slash по-;;vieillir;grow old;1
тосковать;;languir;be sad / melancholy;1
прибавлять\slash прибавить;;additionner;add;0
избавляться\slash избавиться;от чего;se débarrasser de;get rid (of);0
топить\slash *;;chauffer;stoke (an oven);0
жертвовать\slash по-;;faire un don;make a donation;0
мигать\slash мигнуть;;cligner;blink;1
интерпретировать;;interpréter;interpret;0
формулировать\slash с-;;formuler;formulate;0
разыгрывать\slash разыграть;;jouer un tour;play a trick;0
свистеть\slash свистнуть;;siffler;whistle;0
образовывать\slash образовать;;organiser;form;0
образовываться\slash образоваться;;se former;form;0
преобразовывать\slash преобразовать;;convertir;convert;0
нырять\slash нырнуть;;plonger;dive;1
вывозить\slash вывезти;;enlever, exporter;take out, export;0
перевозить\slash перевезти;;transporter;transport;0
ввозить\slash ввезти;;importer;import;0
изолировать;;isoler;isolate;0
щёлкать\slash щёлкнуть;;claquer, cliquer;click;0
навещать\slash навестить;;rendre visite;come to visit;0
извещать\slash известить;;annoncer;announce;0
ронять\slash уронить;;laisser tomber;drop;0
дразнить\slash по-;;taquiner;tease;0
регистрировать\slash за-;;enregistrer;register;0
вредить\slash по-;;nuire à;injure;1
мириться\slash по-;;se réconcilier;make it up (with smb.);0
листать;;feuilleter;turn over the pages (of);0
устранять\slash устранить;;écarter;remove;0
манипулировать;;manipuler;manipulate;0
насиловать\slash из-;;contraindre, violer;coerce, force, rape;0
мстить\slash ото-;;se venger;take revenge (on smb. for smth.);1
преувеличивать\slash преувеличить;;exagérer;exaggerate;0
беременеть\slash за-;;devenir enceinte;become pregnant;1
напрягаться\slash напрячься;;s'efforcer;strain / exert oneself;0
прогонять\slash прогнать;;faire partir;chase away;0
выгонять\slash выгнать;;faire sortir;turn out;0
гнаться\slash по-;;poursuivre;chase;0
красть\slash у-;;voler;steal;0
распознавать\slash распознать;;discerner;recognize;0
опознавать\slash опознать;;identifier;identify;0
изобретать\slash изобрести;;inventer;invent;0
противиться\slash вос-;;s'opposer à;oppose (to);0
истекать\slash истечь;;s'écouler, être expiré;shed, be expired;1
активизировать;;dynamiser;make more active;0
прославляться\slash прославиться;;se rendre célèbre;become famous;0
усаживаться\slash усесться;;s'asseoir,se mettre à;take a sit;0
загружать\slash загрузить;;charger, télécharger;load;0
погружать\slash погрузить;;embarquer, tremper;immerse (into);0
нагружать\slash нагрузить;;(sur)charger, accabler;load, burden;0
запоминаться\slash запомниться;;rester en mémoire;stick to memory;0
хвастаться\slash по-;;se vanter;boast (of);0
транслировать;;retransmettre;transmit;0
копить\slash на-;;amasser;save up;0
датировать;;dater (de);date;0
рулить\slash по-;;piloter;steer the wheel;1
реализовывать\slash реализовать;;réaliser;incarnate;0
генерировать;;produire;engineer;0
злоупотреблять\slash злоупотребить;;abuser de;abuse;1
вскрывать\slash вскрыть;;ouvrir;open;0
заезжать\slash заехать;;passer par;stop by;1
съезжать\slash съехать;;descendre, déménager;drive down, move out;1
чесать\slash по-;;peigner, gratter;comb, scratch;0
расчесывать\slash расчесать;;démêler;comb (one's hair);0
ускорять\slash ускорить;;accélérer;hasten;0
завоевывать\slash завоевать;;conquérir;conquer;0
ослаблять\slash ослабить;;affaiblir;weaken;0
расходовать\slash из-;;dépenser;spend;0
упрощать\slash упростить;;simplifier;simplify;0
обновлять\slash обновить;;renouveler;renew;0
возобновлять\slash возобновить;;recommencer;renew;0
тестировать;;tester;test;0
классифицировать;;classifier;classify;0
предотвращать\slash предотвратить;;prévenir;avert;0
изготавливать\slash изготовить;;manufacturer;manufacture;0
координировать;;coordonner;co(-)ordinate (with);0
худеть\slash по-;;maigrir;grow thin;1
экспортировать;;exporter;export;0
модернизировать;;moderniser;modernize;0
застывать\slash застынуть;;se solidifier;solidify;1
мазать\slash из-;;graisser;намазать;0
храпеть\slash по-;;ronfler;snore;1
тушить\slash по-;;éteindre;put out;0
обосновывать\slash обосновать;;argumenter;(give) prove;0
основывать\slash основать;;fonder;found;0
резюмировать;;résumer;summarize;0
напиваться\slash напиться;;étancher sa soif;drink;0
удостоверять\slash удостоверить;;certifier;certify;0
арестовывать\slash арестовать;;arrêter;arrest;0
брызгать\slash брызнуть;;jaillir;splash (on);0
аргументировать;;argumenter;argue;0
застревать\slash застрять;;être coincé;get stuck;1
исчерпывать\slash исчерпать;;épuiser;exhaust;0
импортировать;;importer;import;0
подбодрить\slash подбадривать;;encourager;invigorate;0
ассоциировать;;associer;associate;0
приоткрывать\slash приоткрыть;;entrouvrir;to open slighly;0
раскаиваться\slash раскаяться;;se repentir;repent;0
аннулировать;;annuler;annul;0
суммировать;;faire le total;sum up;0
подметать\slash подмести;;balayer;sweep;0
моросить\slash по-;;bruiner;drizzle;1
намечать\slash наметить;;planifier, cibler;design, plan;0
помечать\slash пометить;;marquer;mark;0
приподнимать\slash приподнять;;soulever;lift (a little);0
циркулировать;;circuler;circulate;1
опрокидывать\slash опрокинуть;;renverser;overturn;0
реформировать;;réformer;reform;0
чертить\slash на-;;dessiner (tech.);design;0
зависать\slash зависнуть;с кем;traîner (avec);hover, hang out;1
сосредоточиваться\slash сосредоточиться;;se concentrer;concentrate (on / upon);0
вышивать\slash вышить;;broder;embroider;0
мочиться\slash по-;;uriner;urinate;0
сортировать\slash рас-;;trier;(as)sort;0
преуспевать\slash преуспеть;;réussir;succeed (in);1
загрязнять\slash загрязнить;;salir;soil;0
конвертировать;;convertir;convert;0
сигнализировать;;signaler;signal;0
загораживать\slash загородить;;enclore;enclose;0
пороть\slash *;;découdre, fouetter;unstitch, whip;0
локализовать;;localiser;localize;0
злить\slash обо-;;fâcher;vex;0
активировать;;activer;activate;0
монтировать\slash с-;;monter, assembler;assemble;0
разочаровывать\slash разочаровать;;décevoir;disappoint (over, in);0
выкупать\slash выкупить;;racheter;buy back;0
купать\slash вы-;;baigner;bathe;0
увольняться\slash уволиться;;démissionner;leave the service;0
взламывать\slash взломать;;forcer;break open;0
встряхивать\slash встряхнуть;;secouer;shake (up);0
гармонировать;;s'harmoniser;harmonize;1
флиртовать;;flirter;flirt (with);1
оповещать\slash оповестить;;informer, notifier;notify, inform;0
хрипнуть\slash о-;;être enroué;become hoarse;1
запаздывать\slash запоздать;;être en retard;be late (for);1
нервировать;;énerver;make smb. nervous;0
фокусировать\slash с-;;focaliser;focus;0
ржаветь\slash за-;;se rouiller;become rusty;1
бастовать;;faire grève;strike;1
удваивать\slash удвоить;;porter au double;double;0
совокупляться\slash совокупиться;;s'accoupler;copulate;0
коррелировать;;corréler;correlate;1
приспосабливать\slash приспособить;;adapter;fit to;0
разглашать\slash разгласить;;divulguer;divulge;0
стелить\slash по-;;étendre qqch, faire le lit;spread, make (bed);0
бомбардировать;;bombarder;bomb;0
наряжать\slash нарядить;;parer, habiller;dress (up, out);0
обсираться\slash обосраться;;se chier dessus;to shit oneself;0
наедаться\slash наесться;;être rassasié;eat one's fill;0
укорачивать\slash укоротить;;raccourcir;shorten;0
архивировать\slash за-;;archiver;archive;0
логиниться\slash за-;;se loguer;log in;0
